Bench,Bicycle,FireHydrant,Motorcycle,Pole,TrashCan
10LozR-r_PnVyUloTy7P_A-object--bench-3490375-sil.png,-3Ce66lOpbY2j4Tgngr-dQ-object--vehicle--bicycle-6579813-sil.png,-Ae9jTBaJa6ZIG0_a1gKTw-object--fire-hydrant-8949393-sil.png,-BjxFCNOKl2jskkYoVBwbA-object--vehicle--motorcycle-2042162-sil.png,-8LfeDEADhyLcKBvhRWrCw-object--support--utility-pole-6382177-sil.png,--vWKSR3Rh8quTfK4AuKOQ-object--trash-can-1840919-sil.png
18UTnNtyNaTlJ7kVcqs1vw-object--bench-2501428-sil.png,-6kI3IofoH9vQ7kM6ake2w-object--vehicle--bicycle-5592154-sil.png,-CHPuwsnH7hfEje1O4oqTw-object--fire-hydrant-4153705-sil.png,-eWxFIP8Kr88-Udk6si_pA-object--vehicle--motorcycle-3091760-sil.png,-La2XLCsqbAJz05JCLflSg-object--support--utility-pole-4804432-sil.png,-Fepp6H91z1x7iuaJS9-wQ-object--trash-can-4473655-sil.png
1WKC2Xj69Mrcr9DB30Z6sw-object--bench-3028032-sil.png,-lq--TUNqiNC_SizcDD5fw-object--vehicle--bicycle-6119004-sil.png,-FDKMXaTWSNS5u9Ad2SO2Q-object--fire-hydrant-2896458-sil.png,-eWxFIP8Kr88-Udk6si_pA-object--vehicle--motorcycle-4736069-sil.png,-N1xff79vfI_LaL38yTXiA-object--support--pole-8425850-sil.png,-LtQo5edm0gYE_NGNMPdPw-object--trash-can-2634015-sil.png
1Yl3K81i5nWyAv3Df_s0Kg-object--bench-2435879-sil.png,0-QneLDoQStJZfNAZb29Bg-object--vehicle--bicycle-4148307-sil.png,-asE-g-kqSEenUxYHbzx_w-object--fire-hydrant-6713194-sil.png,0SazT9wChzEj_AH9wTChVg-object--vehicle--motorcycle-3616808-sil.png,-R2IhI2eSfE85UcN4nladg-object--support--utility-pole-8685441-sil.png,-NYCQnAYXLuvk2bKlJWf4w-object--trash-can-2369062-sil.png
1ZVr4WwP3wSKYu16SLIvDg-object--bench-8092016-sil.png,01K7_mKL1Iw48p79HLKb8g-object--vehicle--bicycle-4870736-sil.png,0AZiFqSRZ_2Xn1JfaZmcqw-object--fire-hydrant-4737354-sil.png,0pmSw3W7bqJbR01NgGfZsA-object--vehicle--motorcycle-1118739-sil.png,-Y2dYP9xLFN8i_ayxtoihw-object--support--pole-4605002-sil.png,-WYrqjOmcPi4IsimKqUjsg-object--trash-can-3484451-sil.png
1kbxX8m_KIe7uL0J0QONgQ-object--bench-527629-sil.png,1kRTBIZtpt_iexwaAVkbdQ-object--vehicle--bicycle-8094101-sil.png,0ErcYqUJdsDddTvMplWgEw-object--fire-hydrant-5462092-sil.png,0yyUNtEVKlqHAuUO35zpHw-object--vehicle--motorcycle-3157041-sil.png,-Zi744ALiaE14YTHMMzY3w-object--support--utility-pole-9211534-sil.png,-b3TQ65aEVgNJXjn_RXZmw-object--trash-can-2304044-sil.png
23JpgDRedNSy47d_h0o86A-object--bench-2500632-sil.png,2Kq1vbKQmTiLAdYKXTjkdQ-object--vehicle--bicycle-2502198-sil.png,0RIIRZW6m9YSJsv9s3h6Gw-object--fire-hydrant-2828590-sil.png,15stPTcTpSOucv7dSmkuZQ-object--vehicle--motorcycle-3159870-sil.png,-gV_IwkfSjb6nsiJD9hulQ-object--support--pole-3356473-sil.png,-b3TQ65aEVgNJXjn_RXZmw-object--trash-can-2567468-sil.png
2KLYFjRKEH0TlZsz45o6Ww-object--bench-9672094-sil.png,2Kq1vbKQmTiLAdYKXTjkdQ-object--vehicle--bicycle-4080972-sil.png,0UTXK-0rPSKXTenLg9ibeg-object--fire-hydrant-6067403-sil.png,1j3CPmAeIgDXyRYq70cG0Q-object--vehicle--motorcycle-3026994-sil.png,-l29t4vaKyFZWKB1bWLZog-object--support--utility-pole-8093825-sil.png,-b3TQ65aEVgNJXjn_RXZmw-object--trash-can-2633005-sil.png
3vhQjI8NQelkS28IyvYH2g-object--bench-5063745-sil.png,2Kq1vbKQmTiLAdYKXTjkdQ-object--vehicle--bicycle-4344399-sil.png,0aVKQ2taubF1fJjomZUrcg-object--fire-hydrant-4437464-sil.png,1j3CPmAeIgDXyRYq70cG0Q-object--vehicle--motorcycle-3293790-sil.png,-nvTzJ-2am0mxQPqnZzZBA-object--support--utility-pole-5987921-sil.png,-nzQyv07U66nrpw6senUmw-object--trash-can-2634542-sil.png
48peSPR5l03D4xhjm9UT_Q-object--bench-6185826-sil.png,2dH-WFUdE2s7TjgxYqN3ZQ-object--vehicle--bicycle-5587758-sil.png,1JRryoqqxd_SdyekGSt7vw-object--fire-hydrant-1910049-sil.png,1znRtfv5h3gJjDa3oVy5Lw-object--vehicle--motorcycle-1381141-sil.png,0BnTnWw-k6k8n5BtvusKbw-object--support--utility-pole-9539978-sil.png,04_G_l3AleUQWBSJ4_R8Hw-object--trash-can-9599083-sil.png
4KaBhokiBsseNu45xjRvzA-object--bench-8684930-sil.png,2z4tSV3V3DKSIuc2P9ueXA-object--vehicle--bicycle-2040356-sil.png,1PbiIzuHimh_Liqf5uIBVw-object--fire-hydrant-8490384-sil.png,23JpgDRedNSy47d_h0o86A-object--vehicle--motorcycle-3750693-sil.png,0D-ro0oVG2CtHFrFzdbp8w-object--support--pole-5464176-sil.png,0H93achbX6X9gWnUD5HQ5g-object--trash-can-3235386-sil.png
6eGwBqduurMtIeR4GcJA-w-object--bench-1512983-sil.png,2z4tSV3V3DKSIuc2P9ueXA-object--vehicle--bicycle-2567206-sil.png,1RJHXae9MANqDri9zCjCQA-object--fire-hydrant-4085629-sil.png,2N7qGdE7VKR4nCdB1bfjAA-object--vehicle--motorcycle-1973298-sil.png,0IHzZN-4uDgvVJs3FDCBGw-object--support--pole-1383443-sil.png,0KI9U--eKDCBa6yGacK31A-object--trash-can-4410440-sil.png
73ZmL00hZbhjWkZ02rVkcQ-object--bench-9284798-sil.png,3c-WuEahGld3kd3UhDu5Eg-object--vehicle--bicycle-5525583-sil.png,1W0FV37WGMkpOEppnL97pA-object--fire-hydrant-5793129-sil.png,2cyOZN1qSZb3YLsUetNerQ-object--vehicle--motorcycle-2697513-sil.png,0MS4Ig8atRTGCuUYGQULFA-object--support--utility-pole-4343613-sil.png,0KMYb13wIblkq9Moou7yBA-object--trash-can-5592421-sil.png
7mIfFYjWwU4nN1Pa6-8cqw-object--bench-921357-sil.png,3hii2_FJulc1rCA_tyu_wg-object--vehicle--bicycle-2235418-sil.png,1e6cXLPJ7Co6hFnvh0yjsQ-object--fire-hydrant-7911107-sil.png,2pK7CmrWVmXT4yAd17SPCg-object--vehicle--motorcycle-5071201-sil.png,0UHaMnGxr18YG_bi69Z3bw-object--support--pole-5458756-sil.png,0UFny3cOYkXq9J8RhLRMhw-object--trash-can-3225904-sil.png
8EZk21J4AZ6Zgg04y_8kig-object--bench-4009001-sil.png,3hii2_FJulc1rCA_tyu_wg-object--vehicle--bicycle-2760475-sil.png,1iHhuObcEJ3pP3i-MCP7ng-object--fire-hydrant-1521474-sil.png,3RYJup1xVWPIMOk0TmvOyg-object--vehicle--motorcycle-2169114-sil.png,0Vsc8UPOf6xf-IKjZSG8wA-object--support--pole-4606024-sil.png,0aVKQ2taubF1fJjomZUrcg-object--trash-can-5593686-sil.png
8Xutc81NQIz5BWPAePDVXQ-object--bench-3952224-sil.png,3vhQjI8NQelkS28IyvYH2g-object--vehicle--bicycle-2365209-sil.png,1iHhuObcEJ3pP3i-MCP7ng-object--fire-hydrant-2897716-sil.png,3Wz2X8hEgharCwPII0_7bQ-object--vehicle--motorcycle-6511710-sil.png,0Y6iyzSFXrFemKXupjt5Vw-object--support--pole-3691301-sil.png,10LozR-r_PnVyUloTy7P_A-object--trash-can-3362108-sil.png
8eOaUDyHgvY9DLLfCp91zw-object--bench-1578780-sil.png,41ajMXn0xsi93AEi6ew5ug-object--vehicle--bicycle-3226150-sil.png,1rsk9XLm1ywi7XH5hyLazg-object--fire-hydrant-10148054-sil.png,3YvsinMPpfviEPHrfQoHyw-object--vehicle--motorcycle-3879462-sil.png,0abUayZ1uxulmxH41MeOVg-object--support--utility-pole-8027229-sil.png,11y3PXH6Qm9Nqn8H0MbmrA-object--trash-can-3422521-sil.png
8zaF0iRbpfZVdaQD1YK_Qw-object--bench-4603190-sil.png,47DFfFBKmeZHceae3Y49xA-object--vehicle--bicycle-7238259-sil.png,1s3i01A3ZIHFeexfvz-YZg-object--fire-hydrant-9678289-sil.png,3Z3F245REaeMrGHL97sCYg-object--vehicle--motorcycle-2105111-sil.png,0cyDbulAYr8RqYaD9PlK-A-object--support--pole-3025965-sil.png,19bnuT_jHRq7hSgEAlcQUA-object--trash-can-4077621-sil.png
AAHFkpg5S7yyG4AA0_uyog-object--bench-3423280-sil.png,4k3cqXZNBWMee-B4uC06gg-object--vehicle--bicycle-6644834-sil.png,24i0owrf57zvRPLu7UKh5g-object--fire-hydrant-5740981-sil.png,3p4UmGTA34bUzn-EZFd5Cg-object--vehicle--motorcycle-2038556-sil.png,0czUDSkQjafUJfweo_s3qw-object--support--pole-3815234-sil.png,19bnuT_jHRq7hSgEAlcQUA-object--trash-can-7557692-sil.png
AKqvjI3MIbZdIvLCFWMo2w-object--bench-1780544-sil.png,4lw0pWrlGUzsN7URPqLDQw-object--vehicle--bicycle-3160388-sil.png,26cV4_2YRG8FlDCSP-DruA-object--fire-hydrant-6392016-sil.png,4F8NEi2w5s8V5T9bKweBmQ-object--vehicle--motorcycle-6514297-sil.png,0hbGVY5_5674fDF4UReeVQ-object--support--utility-pole-5659474-sil.png,1FI_PunaPwbu_zrEQ58K2w-object--trash-can-5660246-sil.png
AKqvjI3MIbZdIvLCFWMo2w-object--bench-1846078-sil.png,4qLmy0JQ1iqgooA1mNqOcg-object--vehicle--bicycle-1578515-sil.png,2F347mUCp7cpMquLeeszGw-object--fire-hydrant-4740224-sil.png,4sEU2swvTqxhN2VLxGyD1g-object--vehicle--motorcycle-2368291-sil.png,0mAdv8Pz49ERExTYyPzi9w-object--support--utility-pole-7634040-sil.png,1X4NOCy8KNSWlXPqQ1b08A-object--trash-can-4343864-sil.png
B7ewclgmBI2EsuoAz26xHw-object--bench-2435877-sil.png,5jr5IcHbiBezTzixgfxmvg-object--vehicle--bicycle-3158068-sil.png,2IlOKz52L9UVIXvFW46OKg-object--fire-hydrant-3313343-sil.png,4sm4Z2YcFLmfsyXdPqOJfQ-object--vehicle--motorcycle-4406841-sil.png,0n2uD0oEQAkPP5IDIfv8LA-object--support--pole-3484967-sil.png,1ZVr4WwP3wSKYu16SLIvDg-object--trash-can-11713715-sil.png
BKbRZ_c-ee0DGGjlzf0ftQ-object--bench-2636342-sil.png,5pUOeiupA2GliY_1IDcdIg-object--vehicle--bicycle-6648951-sil.png,2K8S0ZRvSHjfm1PwtXl01Q-object--fire-hydrant-3292480-sil.png,54_7Yd8MSLVWOPaHXwpmOA-object--vehicle--motorcycle-3289383-sil.png,0oyZr1qierUzY8mMMc8nYQ-object--support--utility-pole-3093558-sil.png,1aXG1Nqdsck9EJy7cOrTJA-object--trash-can-2697777-sil.png
BML8HAX9zBdKA2gzzFGxew-object--bench-9020859-sil.png,67S6_HDBKbVLbFnVLeAXHg-object--vehicle--bicycle-3484205-sil.png,2aiXYA9gfmB1oYeQ4QvElw-object--fire-hydrant-1644836-sil.png,5Ap-NDby96JEVOvN3E4ogg-object--vehicle--motorcycle-2170668-sil.png,0r6JSdkXKAAD7vKa_FAqZw-object--support--pole-1776155-sil.png,1aXG1Nqdsck9EJy7cOrTJA-object--trash-can-2893351-sil.png
BaqnKO3yjuJe0D-LhpZU3A-object--bench-3291190-sil.png,67S6_HDBKbVLbFnVLeAXHg-object--vehicle--bicycle-7565437-sil.png,2hTjd8A8-e_ddWYG95SEzg-object--fire-hydrant-1001052-sil.png,5NMY6TDxEkx8CMo_dm0P7g-object--vehicle--motorcycle-3550512-sil.png,0wNf0XgEMaB3oTOievFmgg-object--support--utility-pole-6650239-sil.png,1bnoMb-V4RbXFpKaxrJVag-object--trash-can-3685947-sil.png
BhzcE3q-_x14lqH1bdm4zg-object--bench-3028811-sil.png,7N1qpPmOWfaAayDL07tJnw-object--vehicle--bicycle-6317690-sil.png,2pu8ow8i1b4EctWDleEp6A-object--fire-hydrant-1392984-sil.png,5WxTmBEmbImsffs6iMeqpQ-object--vehicle--motorcycle-2828596-sil.png,1D4_jlrlqZ9BT3bcq4VjCg-object--support--utility-pole-6117709-sil.png,1e6cXLPJ7Co6hFnvh0yjsQ-object--trash-can-5986900-sil.png
CgxPNt0Qu0_7Ym8pZQGzfQ-object--bench-3090728-sil.png,7TB7I77TULYgXZg0Rl9rGA-object--vehicle--bicycle-5988193-sil.png,39bQJF94TrvebfWApuZujA-object--fire-hydrant-3557712-sil.png,5j7xu2G3wnPs85Gc5WdnXQ-object--vehicle--motorcycle-3685432-sil.png,1GuqkdMrvVTQEnVtvBU7kw-object--support--utility-pole-3946801-sil.png,1e6cXLPJ7Co6hFnvh0yjsQ-object--trash-can-7305817-sil.png
CgxPNt0Qu0_7Ym8pZQGzfQ-object--bench-3814963-sil.png,896oVXzgcAJO6UHoeDlEEw-object--vehicle--bicycle-4012860-sil.png,3FoNC9ECZ04UbBL0d3jQbA-object--fire-hydrant-6068130-sil.png,61Ae19VoJGVSIxRU9hXxAw-object--vehicle--motorcycle-2696999-sil.png,1VxjwFxjRGXrSA2pOGtfbQ-object--support--pole-10197406-sil.png,1gP3mX4unGrcmH9jDsBDdg-object--trash-can-1184526-sil.png
CgxPNt0Qu0_7Ym8pZQGzfQ-object--bench-3881013-sil.png,8JZCQmzYYZKQ9mfHpAla7g-object--vehicle--bicycle-7106164-sil.png,3M2VX3JXCOMcVLXj16ot2A-object--fire-hydrant-8556181-sil.png,6nb-KzAO11aqPmnKN1AFWg-object--vehicle--motorcycle-1775638-sil.png,1a_emy4ugPAhR2M2oene4w-object--support--pole-5395015-sil.png,1kRTBIZtpt_iexwaAVkbdQ-object--trash-can-3814451-sil.png
E9_jToygegDLEG-KtLDV_Q-object--bench-5729147-sil.png,99CN95Q6QxxUsZM-OEOL7g-object--vehicle--bicycle-4211019-sil.png,3OdeVtOrSNbzrsBW5TZwZw-object--fire-hydrant-5532374-sil.png,7PxngU4bpWmXmRA4PVyH-Q-object--vehicle--motorcycle-4213848-sil.png,1iYZsYuhlHRE69nq5EwgCw-object--support--utility-pole-9934736-sil.png,27V-pagGSWsTGBuyQF6bpQ-object--trash-can-3617834-sil.png
EbgswdL8OP9qAygT7lfnaw-object--bench-3158834-sil.png,9SgBTiuUtlPbnng__yZNSg-object--vehicle--bicycle-1777709-sil.png,3Oif-d3v4vV8vTHzkwjs5Q-object--fire-hydrant-2301727-sil.png,7Td-IRHe0HLMiXbVIQCoWQ-object--vehicle--motorcycle-2763306-sil.png,1jm1jOmJ2xExAcpLDjQ7OQ-object--support--utility-pole-7177070-sil.png,2CO7OHUipHDzNKWBP-_wlw-object--trash-can-1973010-sil.png
Fmu5lb1TkG13hgUTLv5GIg-object--bench-1975064-sil.png,9TpKevNc1im4KZW6ePXdMQ-object--vehicle--bicycle-3486516-sil.png,3RG2_RB4eZ41KRakBqWc1A-object--fire-hydrant-3554658-sil.png,7uWlNJS6XpBeiQyKOSU90A-object--vehicle--motorcycle-4277580-sil.png,1oFuZl1NVAhh5YPdIfoHuw-object--support--utility-pole-9280389-sil.png,2UL96m9cLMRvvvZTDDx7BA-object--trash-can-2694526-sil.png
GChHWJIVukajmuDBpbXXnA-object--bench-1250576-sil.png,9u-781RjITaKYv7CnSslxw-object--vehicle--bicycle-6583412-sil.png,3YyiXZ6N8Hx7CdWhNYdr9w-object--fire-hydrant-2303847-sil.png,8DhXZYYUVsskrW36cZ65vQ-object--vehicle--motorcycle-4144444-sil.png,1paWmvpewDdGYC1-UXnuEw-object--support--utility-pole-8225923-sil.png,2VJL2W6sFAho6Ei86isZjQ-object--trash-can-3091754-sil.png
GFIdJytkvQX2oJjq3loP8g-object--bench-8024431-sil.png,AFHGPu-vfjKXe9M4GY8K7w-object--vehicle--bicycle-5857637-sil.png,3nzvHwwJkbYqfFhG9u12TA-object--fire-hydrant-1841948-sil.png,8NVYED-0LVuJtgLjTT34cg-object--vehicle--motorcycle-5264459-sil.png,25tRkikVLxdhRlpD9Oua7Q-object--support--utility-pole-10462103-sil.png,2YyL-0z-faONutKvivQrug-object--trash-can-592650-sil.png
GY5dWcbWvdv_01hm0iyg9A-object--bench-1646886-sil.png,ARpevU2bgrTfoiTdi2ysdQ-object--vehicle--bicycle-2237470-sil.png,3pwWY1hStuDHu5LLKD-NIw-object--fire-hydrant-7238265-sil.png,8eOaUDyHgvY9DLLfCp91zw-object--vehicle--motorcycle-2828072-sil.png,27Merowr2-uCOafWvX_MLQ-object--support--utility-pole-2630433-sil.png,2b4msYy4dXQxzpDq9O2CDQ-object--trash-can-3749691-sil.png
Ifpc_S9uW5z0otpofeSKvA-object--bench-5210477-sil.png,DQL1X3ZADtfkpC1lzTHMQw-object--vehicle--bicycle-5196621-sil.png,3r6xrzVrFaFMIDhT-gA-jw-object--fire-hydrant-3024201-sil.png,9DVM9Goi3BXeeLEw99sYew-object--vehicle--motorcycle-4934218-sil.png,2AmMD1azjpKD-nwE-36Ezg-object--support--utility-pole-7692117-sil.png,2emRJGyu96_oBCPKjlSTjg-object--trash-can-5926790-sil.png
IhtdrDifIGk2KVQXbIp6xw-object--bench-5927781-sil.png,DRaAc9vM9JFdht-02_od5g-object--vehicle--bicycle-2829864-sil.png,4xdqPrlCiTDWGXN0OaAnWQ-object--fire-hydrant-2631461-sil.png,ADzoxkGcpc6UU1YITHdGWw-object--vehicle--motorcycle-2696729-sil.png,2BUkdEKMCf429sEcQYGGfw-object--support--pole-4537395-sil.png,2eq6we5e64JpCcDY6UCpXQ-object--trash-can-594961-sil.png
IzRtcV3lVRLiGBifuALwfQ-object--bench-4276288-sil.png,DZEV3aAMrXZXzcWuQ_gIZg-object--vehicle--bicycle-1515043-sil.png,5-8RCbf72nOutHwgMtzz6w-object--fire-hydrant-6188656-sil.png,ADzoxkGcpc6UU1YITHdGWw-object--vehicle--motorcycle-4209449-sil.png,2CO7OHUipHDzNKWBP-_wlw-object--support--utility-pole-7041915-sil.png,2jZ0EwBgGpAae2O-z-UL8w-object--trash-can-2309262-sil.png
JHlLm841rZbcOauEJqbuUg-object--bench-1645586-sil.png,EbgswdL8OP9qAygT7lfnaw-object--vehicle--bicycle-3094357-sil.png,57B36cWTm2AVpS28KnRO2A-object--fire-hydrant-6391700-sil.png,ADzoxkGcpc6UU1YITHdGWw-object--vehicle--motorcycle-5724237-sil.png,2Ix3yvNJY9fwQdZWum3t9g-object--support--utility-pole-10068391-sil.png,2pK7CmrWVmXT4yAd17SPCg-object--trash-can-4151116-sil.png
JWeCFGOAAnpE1fS25QN_8g-object--bench-2169120-sil.png,FiYLLGBDDDRfdDnPtLWT0Q-object--vehicle--bicycle-855052-sil.png,5Bajm6UD1iCaOYdm93r37Q-object--fire-hydrant-3422253-sil.png,AGFqTCgPhu-BB6k3oXhdQA-object--vehicle--motorcycle-2961987-sil.png,2N9kqM9cIddfMGh_08kW2A-object--support--pole-3355444-sil.png,2zSHGPUJ7UqgZ2N4qazgqQ-object--trash-can-1709592-sil.png
JZXD445Xd7xLVoMUe-bk5A-object--bench-2041646-sil.png,FnSSfoQ37HoWuur4lMmDHA-object--vehicle--bicycle-4540489-sil.png,5NMY6TDxEkx8CMo_dm0P7g-object--fire-hydrant-3943974-sil.png,AgjhY487Ec6J9o5wTBRAlA-object--vehicle--motorcycle-2299656-sil.png,2PRFzOJafHQjToRevnpVhg-object--support--utility-pole-5790824-sil.png,2zSHGPUJ7UqgZ2N4qazgqQ-object--trash-can-3028780-sil.png
LSUZHkj0utqzsaTzlAuUlA-object--bench-2238511-sil.png,FnSSfoQ37HoWuur4lMmDHA-object--vehicle--bicycle-5396827-sil.png,5VHr0vC5_HGuHaVILWA7fw-object--fire-hydrant-2636870-sil.png,BE_D9rEwnKIaQEKfK1uW2g-object--vehicle--motorcycle-2368291-sil.png,2_I9ts05iVS1lQPbraxA9A-object--support--pole-10261642-sil.png,39lpA8KNVpIcORPTVzrS2w-object--trash-can-987150-sil.png
LZy-hB9i2inm7krcgFNp0w-object--bench-3949640-sil.png,GMQeqxVU5HeBcXaKYFGeJQ-object--vehicle--bicycle-1906969-sil.png,5o9aHdaSouQjV0A8g4CPHA-object--fire-hydrant-5659989-sil.png,BUrOHLwF-n-Ig45a_1s12Q-object--vehicle--motorcycle-2432275-sil.png,2_dZ9P81wzOA7aGYpTeO2Q-object--support--pole-6840146-sil.png,3A3n3uUtzCveD_yBkTVYwQ-object--trash-can-1843230-sil.png
LZy-hB9i2inm7krcgFNp0w-object--bench-4935260-sil.png,H2iVkukZXoZYFHQN90-r5Q-object--vehicle--bicycle-5464157-sil.png,6RyBQgl2JLmdTmBvOZLo9g-object--fire-hydrant-3098255-sil.png,BsGuDZ4HaY7Yl8YPOa_pHQ-object--vehicle--motorcycle-3158583-sil.png,2dm06RRLp8igUCkWodhW9w-object--support--pole-4737868-sil.png,3AZ-QMxJE1WYOpjfnk6Ymg-object--trash-can-2568051-sil.png
LnCb0QH6uNQGbepefH5VlQ-object--bench-1842979-sil.png,H2n7fM2f0Fr1BTfJaM9AtQ-object--vehicle--bicycle-2105374-sil.png,6RyBQgl2JLmdTmBvOZLo9g-object--fire-hydrant-4284088-sil.png,Joc0ZNVfFzgyM_TnyLy2-A-object--vehicle--motorcycle-2761510-sil.png,2dm06RRLp8igUCkWodhW9w-object--support--pole-5264978-sil.png,3JH9KIqbb79iHKHd8Isqqw-object--trash-can-5657681-sil.png
N2m-MdJbDB15BABFwP3iow-object--bench-3094065-sil.png,JdaV2DjxJY26Vz8RvMXwow-object--vehicle--bicycle-2171426-sil.png,6pDKNq9J4J8XUbfJjPvc0Q-object--fire-hydrant-4216674-sil.png,KhugrGxPkF9U79houb9RPw-object--vehicle--motorcycle-5921112-sil.png,2eq6we5e64JpCcDY6UCpXQ-object--support--pole-2698281-sil.png,3g5IuSVFdbqbKqlSsrpj9A-object--trash-can-2765899-sil.png
Nsoy9PruxtJUPrAw9Hqtcg-object--bench-1842205-sil.png,JdunwmvZGlm-kz3CSLXaTQ-object--vehicle--bicycle-1183759-sil.png,70vSMBAeglOhIzvDduFBJw-object--fire-hydrant-7116728-sil.png,LsC2S5_RbioRh-g2H8qvwg-object--vehicle--motorcycle-2105377-sil.png,2fukbtiFiXM2MavTCafYmA-object--support--pole-5923168-sil.png,49yrqxpf5jzgaG0nvRs2Dg-object--trash-can-3948334-sil.png
P0XCkEWadDsyA3Cn9S9cKw-object--bench-3487799-sil.png,Jz2ROl2mcUZ5yvX91N-8lw-object--vehicle--bicycle-6319486-sil.png,7BGD7nehxXr5Vs1yQQztnA-object--fire-hydrant-3619124-sil.png,LwFQEW2camCvDjqolGmQjA-object--vehicle--motorcycle-3684666-sil.png,2nK_i1wHGjie-ZnI0GrktQ-object--support--pole-4472640-sil.png,4EM8qZ29UyhjD9WJodIlcg-object--trash-can-4221497-sil.png
PHsnAKPVLCHIchAbN0ntzw-object--bench-3948350-sil.png,KpaVTZl0lec-w1D2oZBfmg-object--vehicle--bicycle-6709345-sil.png,7Iu4f8TjdkTLcgncFSwubA-object--fire-hydrant-4013119-sil.png,LwFQEW2camCvDjqolGmQjA-object--vehicle--motorcycle-4737603-sil.png,2oUobrupvVMXmtrJEhIkrA-object--support--pole-3091757-sil.png,4fSZuK9Ix_fzwBFoLxaSnQ-object--trash-can-5061670-sil.png
QUhGryNJCbwqc61wK1wGjQ-object--bench-3358282-sil.png,LwhssUru-apAYvNewOOmpw-object--vehicle--bicycle-3944237-sil.png,7rYc0KvLn_QkJXgVBHbYwQ-object--fire-hydrant-1649962-sil.png,MVuC7PtCKnOzEEKwNWFj5g-object--vehicle--motorcycle-3881527-sil.png,2sjuGKVUrK3MOEKjPXRjIw-object--support--pole-3814190-sil.png,4nKP5k69SIH7iNhaxUt1bQ-object--trash-can-3167591-sil.png
